Message,SystemTOV,GPSTOV,TimeSinceLastMsg,"LinearAccelerationX(m/s^2)","LinearAccelerationY(m/s^2)","LinearAccelerationZ(m/s^2)","AngularRateX(rad/s)","AngularRateY(rad/s)","AngularRateZ(rad/s)"
0x2311,2115.5273374781,199291.32078968,0,-9.804068,-0.02661124,-0.05740225,0.0002311426,-0.0006141607,-0.0004310627
0x2311,2115.5273374781,199291.32078968,0,-9.804068,-0.02661124,-0.05740225,0.0002311426,-0.0006141607,-0.0004310627
0x2311,2115.5273374781,199291.32078968,0,-9.804068,-0.02661124,-0.05740225,0.0002311426,-0.0006141607,-0.0004310627
0x2311,2115.5273374781,199291.32078968,0,-9.804068,-0.02661124,-0.05740225,0.0002311426,-0.0006141607,-0.0004310627
0x2311,2115.5373374781,199291.33078968,0.00999999999976353,-9.824159,-0.01496878,-0.04908778,0.0001754728,2.336456E-05,-0.0001641456
0x2311,2115.5473374781,199291.34078968,0.0100000000002183,-9.824945,-0.003243983,-0.05089231,0.0002435409,-0.0002518878,-0.0002336456
0x2311,2115.5573374781,199291.35078968,0.00999999999976353,-9.810456,-0.0113517,-0.05232003,4.672911E-05,0.0002980232,0.0001786975
0x2311,2115.5673374781,199291.36078968,0.0100000000002183,-9.815299,-0.02332535,-0.05205721,2.563465E-05,9.679934E-05,-6.485498E-05
0x2311,2115.5773374781,199291.37078968,0.00999999999976353,-9.797945,-0.01740828,-0.05864874,-6.770715E-05,0.0001095585,3.564637E-05
0x2311,2115.5873374781,199291.38078968,0.0100000000002183,-9.814044,0.003868341,-0.04750527,1.859153E-05,-0.0001713051,0.0003485708
0x2311,2115.5973374781,199291.39078968,0.00999999999976353,-9.819698,-0.009166822,-0.0531828,-0.000166893,-0.0001697568,-1.299195E-05
0x2311,2115.6073374781,199291.40078968,0.0100000000002183,-9.817513,-0.01681522,-0.05669761,2.705492E-05,-7.152557E-05,-0.0002560671
0x2311,2115.6173374781,199291.41078968,0.00999999999976353,-9.827396,-0.02027787,-0.04710052,-7.832423E-05,-0.0002288842,-0.0001401873
0x2311,2115.6273374781,199291.42078968,0.0100000000002183,-9.826315,-0.004777685,-0.04013013,-0.00013971,0.0003871974,0.0001839362
0x2311,2115.6373374781,199291.43078968,0.00999999999976353,-9.804598,-0.0008162111,-0.04394036,-0.0002390123,-0.0001593842,0.0001249369
0x2311,2115.6473374781,199291.44078968,0.0100000000002183,-9.803875,-0.01139808,-0.04935283,-2.766028E-05,0.0002303161,-0.0002938556
0x2311,2115.6573374781,199291.45078968,0.00999999999976353,-9.797691,-0.01070518,-0.05444549,-0.0001097913,-0.0001678476,0.0002484303
0x2311,2115.6673374781,199291.46078968,0.0100000000002183,-9.799239,-0.003176555,-0.03938023,0.0001664157,0.000219699,-4.970934E-05
0x2311,2115.6773374781,199291.47078968,0.00999999999976353,-9.814463,0.0019731,-0.03690701,7.188646E-05,-0.0003386755,-0.0002684537
0x2311,2115.6873374781,199291.48078968,0.0100000000002183,-9.799038,-0.003385916,-0.04807841,0.0001807231,0.0001287437,-0.0001956243
0x2311,2115.6973374781,199291.49078968,0.00999999999976353,-9.81142,-0.009958632,-0.04940983,6.092014E-05,-0.0001053791,3.71947E-05
0x2311,2115.7073374781,199291.50078968,0.0100000000002183,-9.808388,-0.005681068,-0.04157536,0.0001395936,-2.386514E-06,0.0001791748
0x2311,2115.7173374781,199291.51078968,0.00999999999976353,-9.795885,0.001248717,-0.04014056,-0.000171666,0.0001910958,-0.0004167552
0x2311,2115.7273374781,199291.52078968,0.0100000000002183,-9.803104,0.0008115545,-0.03889184,9.895302E-06,-0.0003581052,0.0001343433
0x2311,2115.7373374781,199291.53078968,0.00999999999976353,-9.812884,-0.009370409,-0.05267821,0.0004304689,-2.622837E-05,-0.0003520283
0x2311,2115.7373374781,199291.53078968,0,-9.812884,-0.009370409,-0.05267821,0.0004304689,-2.622837E-05,-0.0003520283
0x2311,2115.7373374781,199291.53078968,0,-9.812884,-0.009370409,-0.05267821,0.0004304689,-2.622837E-05,-0.0003520283
0x2311,2115.7373374781,199291.53078968,0,-9.812884,-0.009370409,-0.05267821,0.0004304689,-2.622837E-05,-0.0003520283
0x2311,2115.7373374781,199291.53078968,0,-9.812884,-0.009370409,-0.05267821,0.0004304689,-2.622837E-05,-0.0003520283
0x2311,2115.7473374781,199291.54078968,0.0100000000002183,-9.820579,-0.01352467,-0.04346129,0.0001534238,-0.0002423534,-0.0002355548
0x2311,2115.7473374781,199291.54078968,0,-9.820579,-0.01352467,-0.04346129,0.0001534238,-0.0002423534,-0.0002355548
0x2311,2115.7473374781,199291.54078968,0,-9.820579,-0.01352467,-0.04346129,0.0001534238,-0.0002423534,-0.0002355548
0x2311,2115.7473374781,199291.54078968,0,-9.820579,-0.01352467,-0.04346129,0.0001534238,-0.0002423534,-0.0002355548
0x2311,2115.7473374781,199291.54078968,0,-9.820579,-0.01352467,-0.04346129,0.0001534238,-0.0002423534,-0.0002355548
0x2311,2115.7573374781,199291.55078968,0.00999999999976353,-9.818995,-0.002825446,-0.04283227,-0.0001296983,0.0002645305,-9.882497E-05
0x2311,2115.7573374781,199291.55078968,0,-9.818995,-0.002825446,-0.04283227,-0.0001296983,0.0002645305,-9.882497E-05
0x2311,2115.7573374781,199291.55078968,0,-9.818995,-0.002825446,-0.04283227,-0.0001296983,0.0002645305,-9.882497E-05
0x2311,2115.7573374781,199291.55078968,0,-9.818995,-0.002825446,-0.04283227,-0.0001296983,0.0002645305,-9.882497E-05
0x2311,2115.7573374781,199291.55078968,0,-9.818995,-0.002825446,-0.04283227,-0.0001296983,0.0002645305,-9.882497E-05
0x2311,2115.7673374781,199291.56078968,0.0100000000002183,-9.809114,-0.002790615,-0.03766045,0.0001305365,-0.0001703505,-0.0001745182
0x2311,2115.7673374781,199291.56078968,0,-9.809114,-0.002790615,-0.03766045,0.0001305365,-0.0001703505,-0.0001745182
0x2311,2115.7673374781,199291.56078968,0,-9.809114,-0.002790615,-0.03766045,0.0001305365,-0.0001703505,-0.0001745182
0x2311,2115.7673374781,199291.56078968,0,-9.809114,-0.002790615,-0.03766045,0.0001305365,-0.0001703505,-0.0001745182
0x2311,2115.7673374781,199291.56078968,0,-9.809114,-0.002790615,-0.03766045,0.0001305365,-0.0001703505,-0.0001745182
0x2311,2115.7773374781,199291.57078968,0.0100000000002183,-9.82212,-0.01833141,-0.05203057,4.863832E-05,0.000409002,-5.400507E-05
0x2311,2115.7773374781,199291.57078968,0,-9.82212,-0.01833141,-0.05203057,4.863832E-05,0.000409002,-5.400507E-05
0x2311,2115.7773374781,199291.57078968,0,-9.82212,-0.01833141,-0.05203057,4.863832E-05,0.000409002,-5.400507E-05
0x2311,2115.7773374781,199291.57078968,0,-9.82212,-0.01833141,-0.05203057,4.863832E-05,0.000409002,-5.400507E-05
0x2311,2115.7773374781,199291.57078968,0,-9.82212,-0.01833141,-0.05203057,4.863832E-05,0.000409002,-5.400507E-05
0x2311,2115.7873374781,199291.58078968,0.00999999999976353,-9.799123,-0.01755469,-0.05333852,0.0001152745,0.0001177774,-0.0003094669
0x2311,2115.7873374781,199291.58078968,0,-9.799123,-0.01755469,-0.05333852,0.0001152745,0.0001177774,-0.0003094669
0x2311,2115.7873374781,199291.58078968,0,-9.799123,-0.01755469,-0.05333852,0.0001152745,0.0001177774,-0.0003094669
0x2311,2115.7873374781,199291.58078968,0,-9.799123,-0.01755469,-0.05333852,0.0001152745,0.0001177774,-0.0003094669
0x2311,2115.7873374781,199291.58078968,0,-9.799123,-0.01755469,-0.05333852,0.0001152745,0.0001177774,-0.0003094669
0x2311,2115.7973374781,199291.59078968,0.0100000000002183,-9.809439,-0.01093429,-0.04571583,0.000194076,0.0003784895,-0.0004173489
0x2311,2115.7973374781,199291.59078968,0,-9.809439,-0.01093429,-0.04571583,0.000194076,0.0003784895,-0.0004173489
0x2311,2115.7973374781,199291.59078968,0,-9.809439,-0.01093429,-0.04571583,0.000194076,0.0003784895,-0.0004173489
0x2311,2115.7973374781,199291.59078968,0,-9.809439,-0.01093429,-0.04571583,0.000194076,0.0003784895,-0.0004173489
0x2311,2115.7973374781,199291.59078968,0,-9.809439,-0.01093429,-0.04571583,0.000194076,0.0003784895,-0.0004173489
0x2311,2115.8073374781,199291.60078968,0.00999999999976353,-9.80602,-0.0004163012,-0.0471076,-7.784693E-05,1.323642E-05,-0.0001606997
0x2311,2115.8073374781,199291.60078968,0,-9.80602,-0.0004163012,-0.0471076,-7.784693E-05,1.323642E-05,-0.0001606997
0x2311,2115.8073374781,199291.60078968,0,-9.80602,-0.0004163012,-0.0471076,-7.784693E-05,1.323642E-05,-0.0001606997
0x2311,2115.8073374781,199291.60078968,0,-9.80602,-0.0004163012,-0.0471076,-7.784693E-05,1.323642E-05,-0.0001606997
0x2311,2115.8073374781,199291.60078968,0,-9.80602,-0.0004163012,-0.0471076,-7.784693E-05,1.323642E-05,-0.0001606997
0x2311,2115.8173374781,199291.61078968,0.0100000000002183,-9.81179,-0.01008771,-0.04611351,4.291069E-05,0.0002383022,2.747402E-06
0x2311,2115.8173374781,199291.61078968,0,-9.81179,-0.01008771,-0.04611351,4.291069E-05,0.0002383022,2.747402E-06
0x2311,2115.8173374781,199291.61078968,0,-9.81179,-0.01008771,-0.04611351,4.291069E-05,0.0002383022,2.747402E-06
0x2311,2115.8173374781,199291.61078968,0,-9.81179,-0.01008771,-0.04611351,4.291069E-05,0.0002383022,2.747402E-06
0x2311,2115.8173374781,199291.61078968,0,-9.81179,-0.01008771,-0.04611351,4.291069E-05,0.0002383022,2.747402E-06
0x2311,2115.8273374781,199291.62078968,0.00999999999976353,-9.806327,-0.01317021,-0.05203281,0.0001577195,0.0001726206,3.337627E-05
0x2311,2115.8273374781,199291.62078968,0,-9.806327,-0.01317021,-0.05203281,0.0001577195,0.0001726206,3.337627E-05
0x2311,2115.8273374781,199291.62078968,0,-9.806327,-0.01317021,-0.05203281,0.0001577195,0.0001726206,3.337627E-05
0x2311,2115.8273374781,199291.62078968,0,-9.806327,-0.01317021,-0.05203281,0.0001577195,0.0001726206,3.337627E-05
0x2311,2115.8373374781,199291.63078968,0.0100000000002183,-9.8061,-0.0169374,-0.04632622,1.383014E-05,0.0004810048,-0.0003925525
0x2311,2115.8373374781,199291.63078968,0,-9.8061,-0.0169374,-0.04632622,1.383014E-05,0.0004810048,-0.0003925525
0x2311,2115.8373374781,199291.63078968,0,-9.8061,-0.0169374,-0.04632622,1.383014E-05,0.0004810048,-0.0003925525
0x2311,2115.8373374781,199291.63078968,0,-9.8061,-0.0169374,-0.04632622,1.383014E-05,0.0004810048,-0.0003925525
0x2311,2115.8373374781,199291.63078968,0,-9.8061,-0.0169374,-0.04632622,1.383014E-05,0.0004810048,-0.0003925525
0x2311,2115.8473374781,199291.64078968,0.00999999999976353,-9.808566,-0.0004256144,-0.04972368,-0.0002042041,9.23872E-05,-0.0002512941
0x2311,2115.8473374781,199291.64078968,0,-9.808566,-0.0004256144,-0.04972368,-0.0002042041,9.23872E-05,-0.0002512941
0x2311,2115.8473374781,199291.64078968,0,-9.808566,-0.0004256144,-0.04972368,-0.0002042041,9.23872E-05,-0.0002512941
0x2311,2115.8473374781,199291.64078968,0,-9.808566,-0.0004256144,-0.04972368,-0.0002042041,9.23872E-05,-0.0002512941
0x2311,2115.8473374781,199291.64078968,0,-9.808566,-0.0004256144,-0.04972368,-0.0002042041,9.23872E-05,-0.0002512941
0x2311,2115.8573374781,199291.65078968,0.0100000000002183,-9.807335,-0.004485808,-0.04860628,-8.105999E-05,1.526205E-05,-9.452924E-05
0x2311,2115.8573374781,199291.65078968,0,-9.807335,-0.004485808,-0.04860628,-8.105999E-05,1.526205E-05,-9.452924E-05
0x2311,2115.8573374781,199291.65078968,0,-9.807335,-0.004485808,-0.04860628,-8.105999E-05,1.526205E-05,-9.452924E-05
0x2311,2115.8573374781,199291.65078968,0,-9.807335,-0.004485808,-0.04860628,-8.105999E-05,1.526205E-05,-9.452924E-05
0x2311,2115.8573374781,199291.65078968,0,-9.807335,-0.004485808,-0.04860628,-8.105999E-05,1.526205E-05,-9.452924E-05
0x2311,2115.8673374781,199291.66078968,0.00999999999976353,-9.795141,-0.02576821,-0.05637798,0.0001271954,0.0001749955,-0.000300887
0x2311,2115.8673374781,199291.66078968,0,-9.795141,-0.02576821,-0.05637798,0.0001271954,0.0001749955,-0.000300887
0x2311,2115.8673374781,199291.66078968,0,-9.795141,-0.02576821,-0.05637798,0.0001271954,0.0001749955,-0.000300887
0x2311,2115.8673374781,199291.66078968,0,-9.795141,-0.02576821,-0.05637798,0.0001271954,0.0001749955,-0.000300887
0x2311,2115.8673374781,199291.66078968,0,-9.795141,-0.02576821,-0.05637798,0.0001271954,0.0001749955,-0.000300887
0x2311,2115.8773374781,199291.67078968,0.0100000000002183,-9.806594,-0.019457,-0.05182121,-8.213101E-05,-0.0002350775,-0.0002412824
0x2311,2115.8773374781,199291.67078968,0,-9.806594,-0.019457,-0.05182121,-8.213101E-05,-0.0002350775,-0.0002412824
0x2311,2115.8773374781,199291.67078968,0,-9.806594,-0.019457,-0.05182121,-8.213101E-05,-0.0002350775,-0.0002412824
0x2311,2115.8773374781,199291.67078968,0,-9.806594,-0.019457,-0.05182121,-8.213101E-05,-0.0002350775,-0.0002412824
0x2311,2115.8773374781,199291.67078968,0,-9.806594,-0.019457,-0.05182121,-8.213101E-05,-0.0002350775,-0.0002412824
0x2311,2115.8873374781,199291.68078968,0.00999999999976353,-9.81074,-0.004755519,-0.04421361,3.242167E-05,-1.967419E-05,-0.0006486196
0x2311,2115.8873374781,199291.68078968,0,-9.81074,-0.004755519,-0.04421361,3.242167E-05,-1.967419E-05,-0.0006486196
0x2311,2115.8873374781,199291.68078968,0,-9.81074,-0.004755519,-0.04421361,3.242167E-05,-1.967419E-05,-0.0006486196
0x2311,2115.8873374781,199291.68078968,0,-9.81074,-0.004755519,-0.04421361,3.242167E-05,-1.967419E-05,-0.0006486196
0x2311,2115.8873374781,199291.68078968,0,-9.81074,-0.004755519,-0.04421361,3.242167E-05,-1.967419E-05,-0.0006486196
0x2311,2115.8973374781,199291.69078968,0.0100000000002183,-9.806486,-0.007197261,-0.04465301,-0.000190374,-0.0003881403,0.0001769047
0x2311,2115.8973374781,199291.69078968,0,-9.806486,-0.007197261,-0.04465301,-0.000190374,-0.0003881403,0.0001769047
0x2311,2115.8973374781,199291.69078968,0,-9.806486,-0.007197261,-0.04465301,-0.000190374,-0.0003881403,0.0001769047
0x2311,2115.8973374781,199291.69078968,0,-9.806486,-0.007197261,-0.04465301,-0.000190374,-0.0003881403,0.0001769047
0x2311,2115.8973374781,199291.69078968,0,-9.806486,-0.007197261,-0.04465301,-0.000190374,-0.0003881403,0.0001769047
0x2311,2115.9073374781,199291.70078968,0.00999999999976353,-9.796449,-0.01159236,-0.05102009,-3.86266E-05,-1.048902E-05,-2.015149E-05
0x2311,2115.9073374781,199291.70078968,0,-9.796449,-0.01159236,-0.05102009,-3.86266E-05,-1.048902E-05,-2.015149E-05
0x2311,2115.9073374781,199291.70078968,0,-9.796449,-0.01159236,-0.05102009,-3.86266E-05,-1.048902E-05,-2.015149E-05
0x2311,2115.9073374781,199291.70078968,0,-9.796449,-0.01159236,-0.05102009,-3.86266E-05,-1.048902E-05,-2.015149E-05
0x2311,2115.9073374781,199291.70078968,0,-9.796449,-0.01159236,-0.05102009,-3.86266E-05,-1.048902E-05,-2.015149E-05
0x2311,2115.9173374781,199291.71078968,0.0100000000002183,-9.807137,-0.01460258,-0.05615354,0.0001653447,-0.0002580928,-3.433088E-05
0x2311,2115.9173374781,199291.71078968,0,-9.807137,-0.01460258,-0.05615354,0.0001653447,-0.0002580928,-3.433088E-05
0x2311,2115.9173374781,199291.71078968,0,-9.807137,-0.01460258,-0.05615354,0.0001653447,-0.0002580928,-3.433088E-05
0x2311,2115.9173374781,199291.71078968,0,-9.807137,-0.01460258,-0.05615354,0.0001653447,-0.0002580928,-3.433088E-05
0x2311,2115.9173374781,199291.71078968,0,-9.807137,-0.01460258,-0.05615354,0.0001653447,-0.0002580928,-3.433088E-05
0x2311,2115.9273374781,199291.72078968,0.00999999999976353,-9.810393,-0.003347546,-0.04607048,-0.0003266381,-4.636822E-05,-0.0001450768
0x2311,2115.9273374781,199291.72078968,0,-9.810393,-0.003347546,-0.04607048,-0.0003266381,-4.636822E-05,-0.0001450768
0x2311,2115.9273374781,199291.72078968,0,-9.810393,-0.003347546,-0.04607048,-0.0003266381,-4.636822E-05,-0.0001450768
0x2311,2115.9273374781,199291.72078968,0,-9.810393,-0.003347546,-0.04607048,-0.0003266381,-4.636822E-05,-0.0001450768
0x2311,2115.9273374781,199291.72078968,0,-9.810393,-0.003347546,-0.04607048,-0.0003266381,-4.636822E-05,-0.0001450768
0x2311,2115.9373374781,199291.73078968,0.0100000000002183,-9.803696,0.002395175,-0.0398336,-0.0001808396,-0.0004860107,-7.771887E-05
0x2311,2115.9473374781,199291.74078968,0.00999999999976353,-9.801276,-0.01070406,-0.05171653,-5.674083E-05,-0.0004225993,-0.0001202803
0x2311,2115.9573374781,199291.75078968,0.0100000000002183,-9.801091,-0.01748968,-0.04321821,0.0002545072,-0.0005679089,-0.000150199
0x2311,2115.9673374781,199291.76078968,0.00999999999976353,-9.815954,-0.008468144,-0.04738662,9.23872E-05,-0.0006128568,-0.0001645065
0x2311,2115.9773374781,199291.77078968,0.0100000000002183,-9.822866,0.004353188,-0.0391243,7.712515E-05,-0.000422122,0.0002417597
0x2311,2115.9873374781,199291.78078968,0.00999999999976353,-9.820294,-0.004081056,-0.04406702,-0.0001031207,-0.0004706439,-0.000247953
0x2311,2115.9873374781,199291.78078968,0,-9.820294,-0.004081056,-0.04406702,-0.0001031207,-0.0004706439,-0.000247953
0x2311,2115.9873374781,199291.78078968,0,-9.820294,-0.004081056,-0.04406702,-0.0001031207,-0.0004706439,-0.000247953
0x2311,2115.9873374781,199291.78078968,0,-9.820294,-0.004081056,-0.04406702,-0.0001031207,-0.0004706439,-0.000247953
0x2311,2115.9873374781,199291.78078968,0,-9.820294,-0.004081056,-0.04406702,-0.0001031207,-0.0004706439,-0.000247953
0x2311,2115.9973374781,199291.79078968,0.0100000000002183,-9.810344,-0.01731645,-0.04998185,5.769543E-05,0.000171666,0.0001200475
0x2311,2116.0073374781,199291.80078968,0.00999999999976353,-9.814369,-0.01267251,-0.04481245,5.42379E-05,-0.0002498622,-9.01171E-05
0x2311,2116.0173374781,199291.81078968,0.0100000000002183,-9.814164,0.003007986,-0.03683958,0.0002274523,0.0003427267,-0.0003062538
0x2311,2116.0273374781,199291.82078968,0.0100000000002183,-9.8049,-0.0005813316,-0.04496928,6.711343E-05,-0.0004879199,-0.0005292939
0x2311,2116.0373374781,199291.83078968,0.00999999999976353,-9.807136,-0.01186673,-0.04722849,0.0001816778,5.245674E-05,-3.635651E-05
0x2311,2116.0473374781,199291.84078968,0.0100000000002183,-9.811477,-0.01015514,-0.04671104,0.0001076492,-0.0001826324,-0.0001359032
0x2311,2116.0573374781,199291.85078968,0.00999999999976353,-9.827487,-0.003799796,-0.03891736,0.0001025153,0.0001310138,-0.0003119698
0x2311,2116.0673374781,199291.86078968,0.0100000000002183,-9.817472,-0.00477992,-0.0381954,0.0001443666,-8.11764E-05,-0.0001597451
0x2311,2116.0773374781,199291.87078968,0.00999999999976353,-9.809852,-0.01378749,-0.03968831,0.0002460438,0.0001721433,0.0001724926
0x2311,2116.0873374781,199291.88078968,0.0100000000002183,-9.821033,-0.0180129,-0.04719011,0.0003732392,0.0002702465,0.0001511537
0x2311,2116.0973374781,199291.89078968,0.00999999999976353,-9.809011,-0.002725422,-0.03205612,-0.0001153909,7.379567E-05,-0.0003281864
0x2311,2116.1073374781,199291.90078968,0.0100000000002183,-9.814462,0.001896359,-0.04282538,-0.0002026558,0.0002697692,-0.0005127164
0x2311,2116.1173374781,199291.91078968,0.00999999999976353,-9.804918,-0.004962459,-0.03982428,0.0001562876,0.000118732,0.000280852
0x2311,2116.1273374781,199291.92078968,0.0100000000002183,-9.809553,-0.0186082,-0.0544386,-5.250331E-06,0.000360969,-9.834766E-05
0x2311,2116.1373374781,199291.93078968,0.00999999999976353,-9.807081,-0.01094583,-0.05170386,-0.0001560431,1.478475E-05,-3.7672E-05
0x2311,2116.1473374781,199291.94078968,0.0100000000002183,-9.81594,-0.002594106,-0.04124399,0.0001463923,0.0002735876,-8.499483E-05
0x2311,2116.1573374781,199291.95078968,0.00999999999976353,-9.803883,-0.003738143,-0.05141087,3.660098E-05,-0.0003048219,-7.104827E-05
0x2311,2116.1573374781,199291.95078968,0,-9.803883,-0.003738143,-0.05141087,3.660098E-05,-0.0003048219,-7.104827E-05
0x2311,2116.1573374781,199291.95078968,0,-9.803883,-0.003738143,-0.05141087,3.660098E-05,-0.0003048219,-7.104827E-05
0x2311,2116.1573374781,199291.95078968,0,-9.803883,-0.003738143,-0.05141087,3.660098E-05,-0.0003048219,-7.104827E-05
0x2311,2116.1573374781,199291.95078968,0,-9.803883,-0.003738143,-0.05141087,3.660098E-05,-0.0003048219,-7.104827E-05
0x2311,2116.1673374781,199291.96078968,0.0100000000002183,-9.806963,-0.01661293,-0.05355831,4.338799E-05,0.0004186644,-7.116469E-05
0x2311,2116.1773374781,199291.97078968,0.00999999999976353,-9.805891,-0.01491066,-0.05734302,-0.0001384062,4.816102E-05,-0.0001239823
0x2311,2116.1873374781,199291.98078968,0.0100000000002183,-9.810122,-0.004047342,-0.04762616,0.0001192093,0.0001953798,-0.0002318644
0x2311,2116.1973374781,199291.99078968,0.00999999999976353,-9.802082,0.004932284,-0.0466099,-6.5926E-05,-0.0001898967,-0.0003447523
0x2311,2116.2073374781,199292.00078968,0.0100000000002183,-9.798471,-0.008139014,-0.06059166,5.293405E-05,-2.002344E-05,-2.634479E-05
0x2311,2116.2173374781,199292.01078968,0.00999999999976353,-9.804062,-0.01550727,-0.05575828,7.427298E-05,-7.152557E-05,-0.0004496542
0x2311,2116.2273374781,199292.02078968,0.0100000000002183,-9.811905,-0.01230855,-0.05620234,1.895241E-05,-0.0003685942,-0.000324368
0x2311,2116.2373374781,199292.03078968,0.00999999999976353,-9.814373,-0.002597459,-0.04365556,-0.0001826324,-0.0001145643,-7.450581E-05
0x2311,2116.2373374781,199292.03078968,0,-9.814373,-0.002597459,-0.04365556,-0.0001826324,-0.0001145643,-7.450581E-05
0x2311,2116.2373374781,199292.03078968,0,-9.814373,-0.002597459,-0.04365556,-0.0001826324,-0.0001145643,-7.450581E-05
0x2311,2116.2373374781,199292.03078968,0,-9.814373,-0.002597459,-0.04365556,-0.0001826324,-0.0001145643,-7.450581E-05
0x2311,2116.2473374781,199292.040792087,0.0100000000002183,-9.81369,-0.009740144,-0.05266182,5.948823E-05,-0.0005031819,-0.0003056484
0x2311,2116.2573374781,199292.050792087,0.00999999999976353,-9.814981,-0.01281556,-0.05445126,0.0001959852,8.678762E-05,-0.0001269625
0x2311,2116.2673374781,199292.060792087,0.0100000000002183,-9.81443,-0.01330264,-0.05298518,0.0001868,-0.000389223,-0.0001063338
0x2311,2116.2773374781,199292.070792087,0.0100000000002183,-9.80882,-0.006067008,-0.04201252,0.0001144363,0.0001367298,-0.0003167428
0x2311,2116.2773374781,199292.070792087,0,-9.80882,-0.006067008,-0.04201252,0.0001144363,0.0001367298,-0.0003167428
0x2311,2116.2773374781,199292.070792087,0,-9.80882,-0.006067008,-0.04201252,0.0001144363,0.0001367298,-0.0003167428
0x2311,2116.2773374781,199292.070792087,0,-9.80882,-0.006067008,-0.04201252,0.0001144363,0.0001367298,-0.0003167428
0x2311,2116.2773374781,199292.070792087,0,-9.80882,-0.006067008,-0.04201252,0.0001144363,0.0001367298,-0.0003167428
0x2311,2116.2873374781,199292.080792087,0.00999999999976353,-9.802347,-0.007575192,-0.04504733,-0.0001074048,-0.0005450216,-4.816102E-05
0x2311,2116.2973374781,199292.090792087,0.0100000000002183,-9.797244,-0.01507234,-0.05061775,-8.631032E-05,-0.0001565204,-6.877817E-05
0x2311,2116.3073374781,199292.100792087,0.00999999999976353,-9.811166,-0.01927447,-0.04644133,7.712515E-05,-4.149042E-05,-2.050074E-05
0x2311,2116.3173374781,199292.110792087,0.0100000000002183,-9.821405,-0.008636713,-0.04766677,0.0001478242,-8.690404E-05,-0.0002375804
0x2311,2116.3273374781,199292.120792087,0.00999999999976353,-9.822392,-0.004230067,-0.04078466,-0.0001959852,-0.0001255306,-0.000300887
0x2311,2116.3373374781,199292.130792087,0.0100000000002183,-9.814699,-0.01408048,-0.04744362,-8.260831E-05,-2.813758E-05,4.374888E-05
0x2311,2116.3473374781,199292.140792087,0.00999999999976353,-9.808822,-0.01569558,-0.04141498,5.865004E-05,0.0003285357,9.895302E-06
0x2311,2116.3573374781,199292.150792087,0.0100000000002183,-9.808666,-0.01446307,-0.0367349,-7.962808E-05,-0.0001856126,6.902264E-05
0x2311,2116.3673374781,199292.160792087,0.00999999999976353,-9.808479,0.001024269,-0.03682561,-0.0001111068,5.710172E-05,-2.443558E-05
0x2311,2116.3773374781,199292.170792087,0.0100000000002183,-9.803185,-0.005498528,-0.04067086,-8.11764E-05,-0.0005216571,0.0003018416
0x2311,2116.3873374781,199292.180792087,0.00999999999976353,-9.801485,-0.01528505,-0.04641116,8.869683E-05,0.0002559391,-0.0002213754
0x2311,2116.3873374781,199292.180792087,0,-9.801485,-0.01528505,-0.04641116,8.869683E-05,0.0002559391,-0.0002213754
0x2311,2116.3973374781,199292.190792087,0.0100000000002183,-9.806808,-0.009865686,-0.04669707,-4.351605E-05,-0.0002274523,-0.000187871
0x2311,2116.4073374781,199292.200792087,0.00999999999976353,-9.827935,-0.002018549,-0.0354303,-5.530892E-05,0.0001100358,-6.831251E-05
0x2311,2116.4173374781,199292.210792087,0.0100000000002183,-9.811598,-0.006103143,-0.04407987,-0.0002390123,-0.0004553818,-0.0001816778
0x2311,2116.4273374781,199292.220792087,0.00999999999976353,-9.817009,-0.01208652,-0.0522444,-4.291069E-05,0.0002794317,-8.881325E-05
0x2311,2116.4273374781,199292.220792087,0,-9.817009,-0.01208652,-0.0522444,-4.291069E-05,0.0002794317,-8.881325E-05
0x2311,2116.4273374781,199292.220792087,0,-9.817009,-0.01208652,-0.0522444,-4.291069E-05,0.0002794317,-8.881325E-05
0x2311,2116.4273374781,199292.220792087,0,-9.817009,-0.01208652,-0.0522444,-4.291069E-05,0.0002794317,-8.881325E-05
0x2311,2116.4273374781,199292.220792087,0,-9.817009,-0.01208652,-0.0522444,-4.291069E-05,0.0002794317,-8.881325E-05
0x2311,2116.4373374781,199292.230792087,0.0100000000002183,-9.817282,-0.01195036,-0.05046781,-3.683381E-05,4.195608E-05,0.0001611654
0x2311,2116.4473374781,199292.240792087,0.00999999999976353,-9.822604,-0.002480112,-0.04163925,0.000177382,0.0001649838,-9.65083E-06
0x2311,2116.4573374781,199292.250792087,0.0100000000002183,-9.817009,0.003755651,-0.04197769,-4.816102E-05,0.0003207941,3.230525E-05
0x2311,2116.4673374781,199292.260792087,0.00999999999976353,-9.818381,-0.00796821,-0.05835351,0.0003727619,-4.773028E-07,-3.349269E-05
0x2311,2116.4673374781,199292.260792087,0,-9.818381,-0.00796821,-0.05835351,0.0003727619,-4.773028E-07,-3.349269E-05
0x2311,2116.4773374781,199292.270792087,0.0100000000002183,-9.809029,-0.01709089,-0.0513399,0.0004214002,0.000408059,-0.0001726206
0x2311,2116.4873374781,199292.280792087,0.00999999999976353,-9.80542,-0.00442639,-0.0488447,0.0002369867,7.140916E-05,-0.0003256835
0x2311,2116.4973374781,199292.290792087,0.0100000000002183,-9.808419,0.009373762,-0.04524849,3.289897E-05,0.0003770576,-4.923204E-05
0x2311,2116.5073374781,199292.300792087,0.00999999999976353,-9.803532,-0.003859028,-0.04844237,-5.257316E-05,0.0001568813,-0.0003027963
0x2311,2116.5173374781,199292.310792087,0.0100000000002183,-9.81227,-0.01671053,-0.05333386,-9.823125E-05,0.0004610978,8.428469E-05
0x2311,2116.5273374781,199292.320792087,0.0100000000002183,-9.810746,-0.01329686,-0.04716348,9.895302E-06,-1.906883E-05,-0.0004425063
0x2311,2116.5373374781,199292.330792087,0.00999999999976353,-9.813218,-0.003712624,-0.04194044,0.0002212473,0.0003770576,0.0001071719
0x2311,2116.5473374781,199292.340792087,0.0100000000002183,-9.806424,-0.008650683,-0.0528736,3.278255E-05,1.561129E-05,-0.0001211185
0x2311,2116.5573374781,199292.350792087,0.00999999999976353,-9.800331,-0.01368746,-0.05849302,0.000237464,0.0001735636,-0.0002285233
0x2311,2116.5673374781,199292.360792087,0.0100000000002183,-9.79231,-0.01340955,-0.0474181,0.0001667766,8.392381E-05,-7.438939E-05
0x2311,2116.5773374781,199292.370792087,0.00999999999976353,-9.802412,-0.003204495,-0.04633088,3.146706E-05,-3.016321E-05,-0.0002228073
0x2311,2116.5873374781,199292.380792087,0.0100000000002183,-9.799557,0.002134778,-0.05214456,6.770715E-05,-0.000146986,-0.0002098037
0x2311,2116.5973374781,199292.390792087,0.00999999999976353,-9.793435,-0.011562,-0.04931446,5.996553E-05,-6.246846E-05,-0.0002622604
0x2311,2116.6073374781,199292.400792087,0.0100000000002183,-9.806677,-0.01800004,-0.05015619,0.0002421089,-7.152557E-05,1.847511E-05
0x2311,2116.6173374781,199292.410792087,0.00999999999976353,-9.817268,-0.005813688,-0.05282704,-5.543698E-05,-0.000280852,-0.0001974055
0x2311,2116.6273374781,199292.420792087,0.0100000000002183,-9.824459,0.001133606,-0.04471354,2.479646E-05,1.466833E-05,-2.06288E-05
0x2311,2116.6373374781,199292.430792087,0.00999999999976353,-9.81603,-0.005718321,-0.0441147,-0.0001178938,-0.0006152433,-0.0003404566
0x2311,2116.6473374781,199292.440792087,0.0100000000002183,-9.812744,-0.02081841,-0.04907604,0.0001573586,-5.865004E-05,-0.000243308
0x2311,2116.6573374781,199292.450792087,0.00999999999976353,-9.803093,-0.01485497,-0.05145725,3.421446E-05,-0.000300887,-7.152557E-05
0x2311,2116.6673374781,199292.460792087,0.0100000000002183,-9.813978,-0.002237037,-0.05110614,-4.672911E-05,-0.0002394896,-7.546041E-05
0x2311,2116.6773374781,199292.470792087,0.00999999999976353,-9.806496,0.002815016,-0.05031675,-3.635651E-05,-0.00043154,-9.632204E-05
0x2311,2116.6773374781,199292.470792087,0,-9.806496,0.002815016,-0.05031675,-3.635651E-05,-0.00043154,-9.632204E-05
0x2311,2116.6773374781,199292.470792087,0,-9.806496,0.002815016,-0.05031675,-3.635651E-05,-0.00043154,-9.632204E-05
0x2311,2116.6873374781,199292.480792087,0.0100000000002183,-9.81141,-0.009867921,-0.04730877,3.910391E-05,-0.0004612259,-0.0001226668
0x2311,2116.6973374781,199292.490792087,0.00999999999976353,-9.815853,-0.02020802,-0.04609022,-6.973278E-05,-7.962808E-05,-0.0003533321
0x2311,2116.7073374781,199292.500792087,0.0100000000002183,-9.832062,-0.005393848,-0.0402011,0.0002365094,-0.0003353343,-0.0002079061
0x2311,2116.7073374781,199292.500792087,0,-9.832062,-0.005393848,-0.0402011,0.0002365094,-0.0003353343,-0.0002079061
0x2311,2116.7173374781,199292.510792087,0.00999999999976353,-9.815116,-0.003545173,-0.03714189,3.86266E-05,8.463394E-06,-8.821953E-05
0x2311,2116.7173374781,199292.510792087,0,-9.815116,-0.003545173,-0.03714189,3.86266E-05,8.463394E-06,-8.821953E-05
0x2311,2116.7273374781,199292.520792087,0.0100000000002183,-9.81963,-0.01323521,-0.04340429,-0.000162248,-0.0001883483,-0.0001293374
0x2311,2116.7373374781,199292.530792087,0.00999999999976353,-9.809628,-0.0139026,-0.0428427,3.86266E-05,0.0004954287,-0.0002685818
0x2311,2116.7473374781,199292.540792087,0.0100000000002183,-9.807761,-0.003637001,-0.0399394,-1.967419E-05,1.132721E-05,-8.392381E-05
0x2311,2116.7473374781,199292.540792087,0,-9.807761,-0.003637001,-0.0399394,-1.967419E-05,1.132721E-05,-8.392381E-05
0x2311,2116.7573374781,199292.550792087,0.00999999999976353,-9.820605,0.004217215,-0.03290381,-0.0001201639,0.0003856374,-0.0001894194
0x2311,2116.7673374781,199292.560792087,0.0100000000002183,-9.797352,-0.008353032,-0.04713088,-0.0001522247,-7.962808E-05,-3.528548E-05
0x2311,2116.7773374781,199292.570792087,0.0100000000002183,-9.796089,-0.01533628,-0.04618671,0.0002536806,0.0003050547,-0.0003505964
0x2311,2116.7873374781,199292.580792087,0.00999999999976353,-9.803268,-0.01078192,-0.04038587,1.60886E-05,-3.433088E-05,-0.0001740409
0x2311,2116.7973374781,199292.590792087,0.0100000000002183,-9.810432,0.006617047,-0.03676992,0.0001010951,0.000161049,-0.0001555658
0x2311,2116.8073374781,199292.600792087,0.00999999999976353,-9.812373,0.006542541,-0.04453454,-0.0001169392,6.663613E-05,-0.0001554494
0x2311,2116.8173374781,199292.610792087,0.0100000000002183,-9.791754,-0.0132829,-0.0526201,3.7672E-05,0.0001376844,-0.0003148336
0x2311,2116.8173374781,199292.610792087,0,-9.791754,-0.0132829,-0.0526201,3.7672E-05,0.0001376844,-0.0003148336
0x2311,2116.8173374781,199292.610792087,0,-9.791754,-0.0132829,-0.0526201,3.7672E-05,0.0001376844,-0.0003148336
0x2311,2116.8173374781,199292.610792087,0,-9.791754,-0.0132829,-0.0526201,3.7672E-05,0.0001376844,-0.0003148336
0x2311,2116.8173374781,199292.610792087,0,-9.791754,-0.0132829,-0.0526201,3.7672E-05,0.0001376844,-0.0003148336
0x2311,2116.8273374781,199292.620792087,0.00999999999976353,-9.801672,-0.01634788,-0.0469286,0.0001844135,0.0002660789,-0.0002498622
0x2311,2116.8273374781,199292.620792087,0,-9.801672,-0.01634788,-0.0469286,0.0001844135,0.0002660789,-0.0002498622
0x2311,2116.8273374781,199292.620792087,0,-9.801672,-0.01634788,-0.0469286,0.0001844135,0.0002660789,-0.0002498622
0x2311,2116.8273374781,199292.620792087,0,-9.801672,-0.01634788,-0.0469286,0.0001844135,0.0002660789,-0.0002498622
0x2311,2116.8273374781,199292.620792087,0,-9.801672,-0.01634788,-0.0469286,0.0001844135,0.0002660789,-0.0002498622
0x2311,2116.8373374781,199292.630792087,0.0100000000002183,-9.806903,-0.009370409,-0.04107766,0.0001206412,8.904608E-05,-3.683381E-05
0x2311,2116.8473374781,199292.640792087,0.00999999999976353,-9.803275,0.002542883,-0.04851911,-0.0001454377,0.0002177898,-4.684553E-05
0x2311,2116.8573374781,199292.650792087,0.0100000000002183,-9.804593,-0.007994846,-0.05408283,-0.0001097913,-0.0001549721,-0.0002880115
0x2311,2116.8673374781,199292.660792087,0.00999999999976353,-9.80828,-0.0210382,-0.05499665,0.0002158922,0.0001724926,-0.0002245884
0x2311,2116.8773374781,199292.670792087,0.0100000000002183,-9.812431,-0.009748153,-0.04836209,-5.352776E-05,-0.000228046,-9.584473E-05
0x2311,2116.8873374781,199292.680792087,0.00999999999976353,-9.819683,-0.002062693,-0.04478805,-0.0001158682,2.324814E-05,-0.0001298147
0x2311,2116.8973374781,199292.690792087,0.0100000000002183,-9.810272,-0.007578544,-0.05495474,-0.0002618995,-0.0002174405,0.0001010951
0x2311,2116.9073374781,199292.700792087,0.00999999999976353,-9.821586,-0.02054982,-0.05779304,-0.0001058565,0.0001023989,0.0002368703
0x2311,2116.9173374781,199292.710792087,0.0100000000002183,-9.812737,-0.01568515,-0.04993994,-6.68806E-05,0.0003547641,-0.0003418885
0x2311,2116.9273374781,199292.720792087,0.00999999999976353,-9.807276,-0.002070889,-0.04274733,-8.579809E-06,0.0001400709,-0.0003157882
0x2311,2116.9373374781,199292.730792087,0.0100000000002183,-9.799104,-0.009441376,-0.04275329,-0.0001641456,0.0002144603,0.0001163455
0x2311,2116.9373374781,199292.730792087,0,-9.799104,-0.009441376,-0.04275329,-0.0001641456,0.0002144603,0.0001163455
0x2311,2116.9473374781,199292.740792087,0.00999999999976353,-9.81439,-0.01067147,-0.05843025,-0.0001606997,6.294576E-05,-0.0001169392
0x2311,2116.9573374781,199292.750792087,0.0100000000002183,-9.796993,-0.009699352,-0.05237013,-0.0002051587,0.0003051711,-0.000108243
0x2311,2116.9673374781,199292.760792087,0.00999999999976353,-9.80342,-0.001468509,-0.04501007,0.0001869164,-0.0002166023,-0.0001759501
0x2311,2116.9673374781,199292.760792087,0,-9.80342,-0.001468509,-0.04501007,0.0001869164,-0.0002166023,-0.0001759501
0x2311,2116.9773374781,199292.770792087,0.0100000000002183,-9.807251,-0.001123175,-0.04763771,-8.535571E-05,1.65659E-05,0.0001206412
0x2311,2116.9873374781,199292.780792087,0.00999999999976353,-9.802305,-0.009659864,-0.04575178,-0.0001026434,-0.0003147172,-5.721813E-05
0x2311,2116.9973374781,199292.790792087,0.0100000000002183,-9.813939,-0.01507234,-0.05031079,4.295725E-06,0.0003633555,-0.0001307693
0x2311,2116.9973374781,199292.790792087,0,-9.813939,-0.01507234,-0.05031079,4.295725E-06,0.0003633555,-0.0001307693
0x2311,2117.0073374781,199292.800792087,0.00999999999976353,-9.812282,-0.004126504,-0.04255082,3.213063E-06,-0.0002905144,-0.0003557187
0x2311,2117.0173374781,199292.810792087,0.0100000000002183,-9.804735,0.009407476,-0.04161019,-2.386514E-06,2.086163E-05,5.122274E-06
0x2311,2117.0273374781,199292.820792087,0.0100000000002183,-9.796143,-0.008120388,-0.04495196,-4.827743E-05,-0.0003085122,-5.293405E-05
0x2311,2117.0373374781,199292.830792087,0.00999999999976353,-9.795881,-0.01344215,-0.05294438,6.199116E-05,-2.956949E-05,3.612367E-05
0x2311,2117.0473374781,199292.840792087,0.0100000000002183,-9.79379,-0.006290339,-0.03749076,0.0002483139,-0.0003162655,-0.0003037509
0x2311,2117.0573374781,199292.850792087,0.00999999999976353,-9.804355,0.0005684793,-0.04589483,5.530892E-05,-0.0003834954,-0.0002908753
0x2311,2117.0673374781,199292.860792087,0.0100000000002183,-9.800826,-0.002259202,-0.04658438,-0.0001174165,-0.0006519607,1.526205E-05
0x2311,2117.0773374781,199292.870792087,0.00999999999976353,-9.821815,-0.0141155,-0.05325265,5.150214E-05,-0.0004059053,-0.0005521812
0x2311,2117.0873374781,199292.880792087,0.0100000000002183,-9.809928,-0.02438575,-0.04284624,-7.975614E-05,-6.866176E-05,0.0001549721
0x2311,2117.0973374781,199292.890792087,0.00999999999976353,-9.824558,0.0001685694,-0.04264731,5.530892E-05,-0.0002618995,-0.0001535402
0x2311,2117.1073374781,199292.900792087,0.0100000000002183,-9.812466,-0.005468354,-0.03878493,1.144363E-05,0.0001367298,-0.0004416681
0x2311,2117.1173374781,199292.910792087,0.00999999999976353,-9.81856,-0.01171082,-0.04532281,8.713687E-05,-0.0002427143,-0.0001344713
0x2311,2117.1273374781,199292.920792087,0.0100000000002183,-9.81493,-0.01553502,-0.04510079,7.486669E-05,0.0002236338,0.0001081266
0x2311,2117.1273374781,199292.920792087,0,-9.81493,-0.01553502,-0.04510079,7.486669E-05,0.0002236338,0.0001081266
0x2311,2117.1273374781,199292.920792087,0,-9.81493,-0.01553502,-0.04510079,7.486669E-05,0.0002236338,0.0001081266
0x2311,2117.1273374781,199292.920792087,0,-9.81493,-0.01553502,-0.04510079,7.486669E-05,0.0002236338,0.0001081266
0x2311,2117.1273374781,199292.920792087,0,-9.81493,-0.01553502,-0.04510079,7.486669E-05,0.0002236338,0.0001081266
0x2311,2117.1373374781,199292.930792087,0.00999999999976353,-9.819964,-0.009270385,-0.03571883,0.0001996756,3.278255E-05,-0.0002913526
0x2311,2117.1473374781,199292.940792087,0.0100000000002183,-9.815971,-0.0003768131,-0.04125796,0.000133994,0.0002211309,8.046627E-05
0x2311,2117.1573374781,199292.950792087,0.00999999999976353,-9.817023,-0.00520777,-0.04561935,-4.875474E-05,3.958121E-05,-2.575107E-05
0x2311,2117.1673374781,199292.960792087,0.0100000000002183,-9.820576,-0.02150107,-0.04773773,7.009367E-05,0.0004776753,-0.0002967077
0x2311,2117.1773374781,199292.970792087,0.00999999999976353,-9.809774,-0.01374111,-0.0412602,6.711343E-05,0.0002064742,-0.0001974055
0x2311,2117.1873374781,199292.980792087,0.0100000000002183,-9.809806,0.001749955,-0.03544316,0.0001826324,0.0004256959,-0.0001183711
0x2311,2117.1973374781,199292.990792087,0.00999999999976353,-9.800765,-0.005664863,-0.04310906,-0.0002061133,0.000327942,6.437767E-05
0x2311,2117.2073374781,199293.000792087,0.0100000000002183,-9.798542,-0.0144247,-0.05432218,1.70432E-05,0.00013971,-0.0002264977
0x2311,2117.2173374781,199293.010792087,0.00999999999976353,-9.809322,-0.01521893,-0.04886221,1.847511E-05,0.0002512941,0.0001630746
0x2311,2117.2173374781,199293.010792087,0,-9.809322,-0.01521893,-0.04886221,1.847511E-05,0.0002512941,0.0001630746
0x2311,2117.2273374781,199293.020792087,0.0100000000002183,-9.811844,-0.004070625,-0.04115105,2.956949E-05,-0.0001221895,-1.906883E-05
0x2311,2117.2373374781,199293.030792087,0.00999999999976353,-9.812888,0.003737025,-0.05112365,-7.104827E-05,7.998897E-05,-0.0002318644
0x2311,2117.2473374781,199293.040794478,0.0100000000002183,-9.794404,-0.008628517,-0.05120728,-0.0001999084,-0.0001999084,3.051246E-05
0x2311,2117.2573374781,199293.050794478,0.00999999999976353,-9.80194,-0.01177955,-0.05964283,-9.584473E-05,0.0003809924,-1.537846E-05
0x2311,2117.2673374781,199293.060794478,0.0100000000002183,-9.814784,-0.009976141,-0.04724488,0.0002888497,-3.58792E-05,-0.0003929134
0x2311,2117.2673374781,199293.060794478,0,-9.814784,-0.009976141,-0.04724488,0.0002888497,-3.58792E-05,-0.0003929134
0x2311,2117.2773374781,199293.070794478,0.0100000000002183,-9.810843,0.003659166,-0.04896559,-8.24919E-05,-0.0001131324,-0.0002590474
0x2311,2117.2873374781,199293.080794478,0.00999999999976353,-9.807198,-0.004621781,-0.05306881,-0.0001579523,-0.0002546352,-5.530892E-05
0x2311,2117.2973374781,199293.090794478,0.0100000000002183,-9.810214,-0.01436193,-0.06116014,8.917414E-05,0.0002164859,-0.0002456945
0x2311,2117.3073374781,199293.100794478,0.00999999999976353,-9.81024,-0.0134876,-0.05339906,2.229353E-05,0.0002387795,0.0002832385
0x2311,2117.3173374781,199293.110794478,0.0100000000002183,-9.815359,0.005005486,-0.04751682,-5.054753E-05,-0.000313879,-0.0003796769
0x2311,2117.3273374781,199293.120794478,0.00999999999976353,-9.816872,-0.002062693,-0.05155969,-0.0001231441,-4.303874E-05,-8.583302E-05
0x2311,2117.3373374781,199293.130794478,0.0100000000002183,-9.806714,-0.01735706,-0.05524307,0.0001839362,-0.000108243,-0.0001026434
0x2311,2117.3473374781,199293.140794478,0.00999999999976353,-9.80715,-0.01585595,-0.05109105,0.0002985005,0.0001258799,-0.000238535
0x2311,2117.3473374781,199293.140794478,0,-9.80715,-0.01585595,-0.05109105,0.0002985005,0.0001258799,-0.000238535
0x2311,2117.3573374781,199293.150794478,0.0100000000002183,-9.807099,-0.004320592,-0.04314966,-9.546056E-07,-0.0003334251,9.727664E-05
0x2311,2117.3673374781,199293.160794478,0.00999999999976353,-9.810172,-0.0008126721,-0.04901905,0.0001483015,8.856878E-05,-0.0003319932
0x2311,2117.3773374781,199293.170794478,0.0100000000002183,-9.801304,-0.01449324,-0.043373,-8.404022E-05,-4.970934E-05,-0.0002312707
0x2311,2117.3873374781,199293.180794478,0.00999999999976353,-9.797536,-0.01648162,-0.04816446,9.536743E-05,0.0003533321,-0.0002170797
0x2311,2117.3973374781,199293.190794478,0.0100000000002183,-9.815654,-0.01014583,-0.038472,0.000138639,-0.0003586989,-0.0001935987
0x2311,2117.4073374781,199293.200794478,0.00999999999976353,-9.807558,0.0007441267,-0.03965348,-6.866176E-05,8.237548E-05,-0.0004493049
0x2311,2117.4173374781,199293.210794478,0.0100000000002183,-9.821969,-0.01745,-0.04839245,-3.683381E-05,-0.0003577443,-3.7672E-05
0x2311,2117.4273374781,199293.220794478,0.00999999999976353,-9.812162,-0.02506468,-0.04398692,0.0001697568,0.0001068111,-0.0001484179
0x2311,2117.4273374781,199293.220794478,0,-9.812162,-0.02506468,-0.04398692,0.0001697568,0.0001068111,-0.0001484179
0x2311,2117.4373374781,199293.230794478,0.0100000000002183,-9.817421,-0.009390153,-0.0375757,-3.254972E-05,6.246846E-05,-0.0001873937
0x2311,2117.4473374781,199293.240794478,0.00999999999976353,-9.825633,0.001004525,-0.03340486,0.0001902576,-4.970934E-05,-0.0001854845
0x2311,2117.4573374781,199293.250794478,0.0100000000002183,-9.819153,-0.003547408,-0.03635939,-0.0001201639,0.0002460438,7.093186E-05
0x2311,2117.4673374781,199293.260794478,0.00999999999976353,-9.809271,-0.01830701,-0.05118065,4.167669E-06,0.0001106295,7.521594E-05
0x2311,2117.4773374781,199293.270794478,0.0100000000002183,-9.823368,-0.01440719,-0.03613029,-0.0002627377,0.0005907961,-0.000119803
0x2311,2117.4873374781,199293.280794478,0.00999999999976353,-9.810248,-0.003926456,-0.03496073,0.000129221,0.0001238543,-0.0001711887
0x2311,2117.4973374781,199293.290794478,0.0100000000002183,-9.813744,-0.00152085,-0.03759302,8.392381E-05,0.0003881403,-3.444729E-05
0x2311,2117.5073374781,199293.300794478,0.00999999999976353,-9.812922,-0.01769308,-0.04399735,-5.733455E-05,0.0001974055,-0.000247953
0x2311,2117.5173374781,199293.310794478,0.0100000000002183,-9.812707,-0.01551993,-0.05229451,-0.0001988374,0.000613695,7.903436E-05
0x2311,2117.5273374781,199293.320794478,0.0100000000002183,-9.819769,-0.01144111,-0.0468459,-8.707866E-06,0.0001600944,-0.0002818066
0x2311,2117.5373374781,199293.330794478,0.00999999999976353,-9.821576,0.001226738,-0.04434157,-7.915078E-05,0.0005863956,4.661269E-05
0x2311,2117.5473374781,199293.340794478,0.0100000000002183,-9.80662,-0.01436416,-0.06023012,5.42379E-05,0.0004066271,-0.0002174405
0x2311,2117.5573374781,199293.350794478,0.00999999999976353,-9.816176,-0.02249274,-0.06162059,0.0001754728,0.000560761,9.620562E-05
0x2311,2117.5673374781,199293.360794478,0.0100000000002183,-9.803146,-0.01812093,-0.05462337,-1.478475E-05,0.0006823568,-0.000309106
0x2311,2117.5773374781,199293.370794478,0.00999999999976353,-9.806675,-0.0052182,-0.05059466,-8.583302E-05,0.0001915731,-0.0002337736
0x2311,2117.5873374781,199293.380794478,0.0100000000002183,-9.792377,-0.006664731,-0.06410647,0.0002970686,0.0004605041,-0.0001454377
0x2311,2117.5973374781,199293.390794478,0.00999999999976353,-9.803379,-0.02334043,-0.06238334,3.278255E-05,9.489013E-05,0.0001435285
0x2311,2117.6073374781,199293.400794478,0.0100000000002183,-9.802174,-0.01717228,-0.05811974,5.817274E-05,0.0006394344,-3.778841E-05
0x2311,2117.6173374781,199293.410794478,0.00999999999976353,-9.800279,-0.004395097,-0.05114917,9.095529E-05,-0.0001832261,0.0001444831
0x2311,2117.6273374781,199293.420794478,0.0100000000002183,-9.802875,-0.00391379,-0.04627388,-7.819617E-05,9.489013E-05,-0.0001255306
0x2311,2117.6373374781,199293.430794478,0.00999999999976353,-9.807952,-0.01919642,-0.05534198,4.327158E-05,-0.0001549721,-1.669396E-05
0x2311,2117.6473374781,199293.440794478,0.0100000000002183,-9.798187,-0.01949649,-0.05073883,0.0001897803,0.0003465451,-0.0001965789
0x2311,2117.6473374781,199293.440794478,0,-9.798187,-0.01949649,-0.05073883,0.0001897803,0.0003465451,-0.0001965789
0x2311,2117.6573374781,199293.450794478,0.00999999999976353,-9.817469,-0.006786734,-0.05152598,0.0003269874,-8.929055E-05,-1.001172E-05
0x2311,2117.6673374781,199293.460794478,0.0100000000002183,-9.813345,-0.002044067,-0.04438329,-0.0002307934,8.381903E-07,0.0001963344
0x2311,2117.6773374781,199293.470794478,0.00999999999976353,-9.809314,-0.01687333,-0.04617982,-0.0001159962,-0.0002742978,-3.385358E-05
0x2311,2117.6873374781,199293.480794478,0.0100000000002183,-9.802341,-0.01767445,-0.05462337,-3.910391E-05,-2.06288E-05,1.895241E-05
0x2311,2117.6973374781,199293.490794478,0.00999999999976353,-9.808063,-0.009585544,-0.04758313,-9.691576E-05,0.0002198271,0.0004234258
0x2311,2117.7073374781,199293.500794478,0.0100000000002183,-9.811514,0.0006569549,-0.0399895,2.896413E-05,-0.0003396301,0.0001025153
0x2311,2117.7173374781,199293.510794478,0.00999999999976353,-9.819061,-0.003854372,-0.04460774,-0.0004568137,-7.67759E-05,0.0001934823
0x2311,2117.7273374781,199293.520794478,0.0100000000002183,-9.820048,-0.009822659,-0.0464147,0.0001043081,-0.0003738445,6.008195E-05
0x2311,2117.7373374781,199293.530794478,0.00999999999976353,-9.817513,-0.007476285,-0.03618971,0.0002026558,0.0002417597,-0.0003076741
0x2311,2117.7473374781,199293.540794478,0.0100000000002183,-9.841167,0.00710655,-0.02867728,0.0001406646,-0.0001898967,-0.0001163455
0x2311,2117.7473374781,199293.540794478,0,-9.841167,0.00710655,-0.02867728,0.0001406646,-0.0001898967,-0.0001163455
0x2311,2117.7573374781,199293.550794478,0.00999999999976353,-9.846589,0.001362711,-0.0358304,-0.0001368579,0.0003451132,-0.0001298147
0x2311,2117.7673374781,199293.560794478,0.0100000000002183,-9.838906,-0.0117993,-0.05083885,3.278255E-05,0.0001869164,-0.0003557187
0x2311,2117.7773374781,199293.570794478,0.0100000000002183,-9.860667,-0.01320392,-0.03854409,-4.911562E-05,0.0009598676,-2.980232E-06
0x2311,2117.7873374781,199293.580794478,0.00999999999976353,-9.860132,0.000330247,-0.03636759,0.0001662993,0.00102031,-0.0001732144
0x2311,2117.7873374781,199293.580794478,0,-9.860132,0.000330247,-0.03636759,0.0001662993,0.00102031,-0.0001732144
0x2311,2117.7873374781,199293.580794478,0,-9.860132,0.000330247,-0.03636759,0.0001662993,0.00102031,-0.0001732144
0x2311,2117.7873374781,199293.580794478,0,-9.860132,0.000330247,-0.03636759,0.0001662993,0.00102031,-0.0001732144
0x2311,2117.7873374781,199293.580794478,0,-9.860132,0.000330247,-0.03636759,0.0001662993,0.00102031,-0.0001732144
0x2311,2117.7973374781,199293.590794478,0.0100000000002183,-9.863245,0.005970523,-0.03685821,1.717126E-05,0.001232501,-0.0002037268
0x2311,2117.8073374781,199293.600794478,0.00999999999976353,-9.860524,-0.01047961,-0.04844125,0.0003032736,0.001512049,0.000296114
0x2311,2117.8173374781,199293.610794478,0.0100000000002183,-9.850213,-0.02204515,-0.04621819,9.546056E-07,0.001907349,-7.30739E-05
0x2311,2117.8273374781,199293.620794478,0.00999999999976353,-9.847966,-0.01030862,-0.04503671,0.0001401873,0.002141949,-0.0002738205
0x2311,2117.8373374781,199293.630794478,0.0100000000002183,-9.856798,-0.003134646,-0.03710128,0.0001087203,0.001823786,-0.000534649
0x2311,2117.8473374781,199293.640794478,0.00999999999976353,-9.847714,-0.007344969,-0.05091783,0.0001120614,0.002835749,-0.0003057765
0x2311,2117.8573374781,199293.650794478,0.0100000000002183,-9.83026,-0.01972783,-0.05294681,-6.294576E-05,0.002612115,-0.0001360197
0x2311,2117.8673374781,199293.660794478,0.00999999999976353,-9.826563,-0.01578853,-0.05657207,-0.0001296983,0.002862932,0.0001925277
0x2311,2117.8673374781,199293.660794478,0,-9.826563,-0.01578853,-0.05657207,-0.0001296983,0.002862932,0.0001925277
0x2311,2117.8673374781,199293.660794478,0,-9.826563,-0.01578853,-0.05657207,-0.0001296983,0.002862932,0.0001925277
0x2311,2117.8673374781,199293.660794478,0,-9.826563,-0.01578853,-0.05657207,-0.0001296983,0.002862932,0.0001925277
0x2311,2117.8773374781,199293.670794478,0.0100000000002183,-9.814378,-0.002123043,-0.05015861,-3.064051E-05,0.002409343,-0.0003253226
0x2311,2117.8773374781,199293.670794478,0,-9.814378,-0.002123043,-0.05015861,-3.064051E-05,0.002409343,-0.0003253226
0x2311,2117.8773374781,199293.670794478,0,-9.814378,-0.002123043,-0.05015861,-3.064051E-05,0.002409343,-0.0003253226
0x2311,2117.8773374781,199293.670794478,0,-9.814378,-0.002123043,-0.05015861,-3.064051E-05,0.002409343,-0.0003253226
0x2311,2117.8773374781,199293.670794478,0,-9.814378,-0.002123043,-0.05015861,-3.064051E-05,0.002409343,-0.0003253226
0x2311,2117.8873374781,199293.680794478,0.00999999999976353,-9.807973,0.002514943,-0.06345417,-0.0002717949,0.002801779,-0.0004755217
0x2311,2117.8973374781,199293.690794478,0.0100000000002183,-9.799484,-0.008092448,-0.06574709,0.0001091976,0.002429483,-0.0005474081
0x2311,2117.8973374781,199293.690794478,0,-9.799484,-0.008092448,-0.06574709,0.0001091976,0.002429483,-0.0005474081
0x2311,2117.9073374781,199293.700794478,0.00999999999976353,-9.792179,-0.01215283,-0.0660507,0.0001091976,0.002646807,-0.0006243004
0x2311,2117.9173374781,199293.710794478,0.0100000000002183,-9.800313,0.001799874,-0.06082077,0.0003212714,0.002358318,-0.0003381982
0x2311,2117.9273374781,199293.720794478,0.00999999999976353,-9.782542,0.008034334,-0.07060841,0.0001111068,0.00208175,-0.0002123066
0x2311,2117.9373374781,199293.730794478,0.0100000000002183,-9.792909,-0.003303215,-0.07368848,-9.489013E-05,0.002027035,-0.0003586989
0x2311,2117.9473374781,199293.740794478,0.00999999999976353,-9.789445,-0.004810095,-0.07156767,4.625181E-05,0.001676078,-9.596115E-05
0x2311,2117.9573374781,199293.750794478,0.0100000000002183,-9.796392,-0.002626516,-0.06389618,0.0001873937,0.00192821,-0.0007401686
0x2311,2117.9673374781,199293.760794478,0.00999999999976353,-9.811424,0.007339008,-0.06166957,0.0003547641,0.001313095,-0.0003367662
0x2311,2117.9773374781,199293.770794478,0.0100000000002183,-9.811614,0.003157929,-0.06643198,0.0002570101,0.001609686,-0.0003434368
0x2311,2117.9873374781,199293.780794478,0.00999999999976353,-9.81471,-0.01380146,-0.06467514,0.0005716109,0.001386518,-0.0006552902
0x2311,2117.9973374781,199293.790794478,0.0100000000002183,-9.810987,-0.006591529,-0.06285086,0.0004653935,0.00193679,-0.000470283
0x2311,2117.9973374781,199293.790794478,0,-9.810987,-0.006591529,-0.06285086,0.0004653935,0.00193679,-0.000470283
0x2311,2118.0073374781,199293.800794478,0.00999999999976353,-9.82546,0.002102181,-0.05603265,0.0004099566,0.001259206,-0.0001736917
0x2311,2118.0173374781,199293.810794478,0.0100000000002183,-9.82572,-0.004486926,-0.05669538,0.0003914814,0.00201643,-0.0004483503
0x2311,2118.0273374781,199293.820794478,0.0100000000002183,-9.815502,-0.01411773,-0.06127302,0.0004447647,0.001791352,-0.0006610178
0x2311,2118.0273374781,199293.820794478,0,-9.815502,-0.01411773,-0.06127302,0.0004447647,0.001791352,-0.0006610178
0x2311,2118.0273374781,199293.820794478,0,-9.815502,-0.01411773,-0.06127302,0.0004447647,0.001791352,-0.0006610178
0x2311,2118.0273374781,199293.820794478,0,-9.815502,-0.01411773,-0.06127302,0.0004447647,0.001791352,-0.0006610178
0x2311,2118.0273374781,199293.820794478,0,-9.815502,-0.01411773,-0.06127302,0.0004447647,0.001791352,-0.0006610178
0x2311,2118.0373374781,199293.830794478,0.00999999999976353,-9.811634,-0.02159756,-0.05412698,0.0005373964,0.002062204,-0.0006176182
0x2311,2118.0473374781,199293.840794478,0.0100000000002183,-9.817368,-0.007377379,-0.05187001,0.0004029251,0.00186431,-0.001122116
0x2311,2118.0573374781,199293.850794478,0.00999999999976353,-9.814787,-0.009423867,-0.0482982,0.0003957772,0.001839036,-0.00109208
0x2311,2118.0673374781,199293.860794478,0.0100000000002183,-9.812214,-0.02406593,-0.0545688,0.0002231565,0.002013682,-0.0007573399
0x2311,2118.0773374781,199293.870794478,0.00999999999976353,-9.78724,-0.02373811,-0.05368851,0.0004801783,0.001884345,-0.0004493049
0x2311,2118.0873374781,199293.880794478,0.0100000000002183,-9.796053,-0.01908839,-0.0487633,0.0003724126,0.002119422,-0.0005065231
0x2311,2118.0973374781,199293.890794478,0.00999999999976353,-9.789249,-0.008113496,-0.05203411,0.0002579647,0.001571537,-0.0009475974
0x2311,2118.0973374781,199293.890794478,0,-9.789249,-0.008113496,-0.05203411,0.0002579647,0.001571537,-0.0009475974
0x2311,2118.0973374781,199293.890794478,0,-9.789249,-0.008113496,-0.05203411,0.0002579647,0.001571537,-0.0009475974
0x2311,2118.0973374781,199293.890794478,0,-9.789249,-0.008113496,-0.05203411,0.0002579647,0.001571537,-0.0009475974
0x2311,2118.0973374781,199293.890794478,0,-9.789249,-0.008113496,-0.05203411,0.0002579647,0.001571537,-0.0009475974
0x2311,2118.1073374781,199293.900794478,0.0100000000002183,-9.783355,-0.01096912,-0.0442531,-0.0002579647,0.001750945,-0.001222256
0x2311,2118.1173374781,199293.910794478,0.00999999999976353,-9.777651,-0.02552178,-0.05128291,0.0002989778,0.001339917,-6.193295E-06
0x2311,2118.1273374781,199293.920794478,0.0100000000002183,-9.780565,-0.01615491,-0.04120562,6.246846E-05,0.001670246,-0.0001941924
0x2311,2118.1373374781,199293.930794478,0.00999999999976353,-9.772487,0.0001186505,-0.04275087,3.135065E-05,0.001242524,-0.000561832
0x2311,2118.1473374781,199293.940794478,0.0100000000002183,-9.780221,-0.01782216,-0.03919173,-0.0001010951,0.00122881,-0.0002208981
0x2311,2118.1573374781,199293.950794478,0.00999999999976353,-9.759288,-0.02426021,-0.05374216,4.183967E-05,0.0009716721,-1.096632E-05
0x2311,2118.1573374781,199293.950794478,0,-9.759288,-0.02426021,-0.05374216,4.183967E-05,0.0009716721,-1.096632E-05
0x2311,2118.1573374781,199293.950794478,0,-9.759288,-0.02426021,-0.05374216,4.183967E-05,0.0009716721,-1.096632E-05
0x2311,2118.1573374781,199293.950794478,0,-9.759288,-0.02426021,-0.05374216,4.183967E-05,0.0009716721,-1.096632E-05
0x2311,2118.1573374781,199293.950794478,0,-9.759288,-0.02426021,-0.05374216,4.183967E-05,0.0009716721,-1.096632E-05
0x2311,2118.1673374781,199293.960794478,0.0100000000002183,-9.76726,-0.02711695,-0.04748423,0.0002055196,0.001098635,-0.0002428307
0x2311,2118.1673374781,199293.960794478,0,-9.76726,-0.02711695,-0.04748423,0.0002055196,0.001098635,-0.0002428307
0x2311,2118.1673374781,199293.960794478,0,-9.76726,-0.02711695,-0.04748423,0.0002055196,0.001098635,-0.0002428307
0x2311,2118.1673374781,199293.960794478,0,-9.76726,-0.02711695,-0.04748423,0.0002055196,0.001098635,-0.0002428307
0x2311,2118.1673374781,199293.960794478,0,-9.76726,-0.02711695,-0.04748423,0.0002055196,0.001098635,-0.0002428307
0x2311,2118.1773374781,199293.970794478,0.00999999999976353,-9.77465,-0.005440414,-0.03438275,8.487841E-05,0.0005530077,0.0001186156
0x2311,2118.1773374781,199293.970794478,0,-9.77465,-0.005440414,-0.03438275,8.487841E-05,0.0005530077,0.0001186156
0x2311,2118.1773374781,199293.970794478,0,-9.77465,-0.005440414,-0.03438275,8.487841E-05,0.0005530077,0.0001186156
0x2311,2118.1773374781,199293.970794478,0,-9.77465,-0.005440414,-0.03438275,8.487841E-05,0.0005530077,0.0001186156
0x2311,2118.1773374781,199293.970794478,0,-9.77465,-0.005440414,-0.03438275,8.487841E-05,0.0005530077,0.0001186156
0x2311,2118.1873374781,199293.980794478,0.0100000000002183,-9.772393,-0.006377511,-0.03416538,-6.342307E-05,0.0002716784,6.711343E-05
0x2311,2118.1973374781,199293.990794478,0.00999999999976353,-9.762315,-0.02300087,-0.04714243,-0.0001091976,0.000489119,-0.000238535
0x2311,2118.1973374781,199293.990794478,0,-9.762315,-0.02300087,-0.04714243,-0.0001091976,0.000489119,-0.000238535
0x2311,2118.1973374781,199293.990794478,0,-9.762315,-0.02300087,-0.04714243,-0.0001091976,0.000489119,-0.000238535
0x2311,2118.1973374781,199293.990794478,0,-9.762315,-0.02300087,-0.04714243,-0.0001091976,0.000489119,-0.000238535
0x2311,2118.1973374781,199293.990794478,0,-9.762315,-0.02300087,-0.04714243,-0.0001091976,0.000489119,-0.000238535
0x2311,2118.2073374781,199294.000794478,0.0100000000002183,-9.766009,-0.02208129,-0.03943127,-0.0001879875,0.0002098037,-0.0004653935
0x2311,2118.2073374781,199294.000794478,0,-9.766009,-0.02208129,-0.03943127,-0.0001879875,0.0002098037,-0.0004653935
0x2311,2118.2073374781,199294.000794478,0,-9.766009,-0.02208129,-0.03943127,-0.0001879875,0.0002098037,-0.0004653935
0x2311,2118.2073374781,199294.000794478,0,-9.766009,-0.02208129,-0.03943127,-0.0001879875,0.0002098037,-0.0004653935
0x2311,2118.2073374781,199294.000794478,0,-9.766009,-0.02208129,-0.03943127,-0.0001879875,0.0002098037,-0.0004653935
0x2311,2118.2173374781,199294.010794478,0.00999999999976353,-9.778896,-0.01185387,-0.03304109,6.670598E-06,0.0004709931,-8.642673E-05
0x2311,2118.2173374781,199294.010794478,0,-9.778896,-0.01185387,-0.03304109,6.670598E-06,0.0004709931,-8.642673E-05
0x2311,2118.2173374781,199294.010794478,0,-9.778896,-0.01185387,-0.03304109,6.670598E-06,0.0004709931,-8.642673E-05
0x2311,2118.2173374781,199294.010794478,0,-9.778896,-0.01185387,-0.03304109,6.670598E-06,0.0004709931,-8.642673E-05
0x2311,2118.2173374781,199294.010794478,0,-9.778896,-0.01185387,-0.03304109,6.670598E-06,0.0004709931,-8.642673E-05
0x2311,2118.2273374781,199294.020794478,0.0100000000002183,-9.770298,-0.001618452,-0.03575478,-0.0001091976,-0.0002347282,0.0001420965
0x2311,2118.2273374781,199294.020794478,0,-9.770298,-0.001618452,-0.03575478,-0.0001091976,-0.0002347282,0.0001420965
0x2311,2118.2273374781,199294.020794478,0,-9.770298,-0.001618452,-0.03575478,-0.0001091976,-0.0002347282,0.0001420965
0x2311,2118.2273374781,199294.020794478,0,-9.770298,-0.001618452,-0.03575478,-0.0001091976,-0.0002347282,0.0001420965
0x2311,2118.2273374781,199294.020794478,0,-9.770298,-0.001618452,-0.03575478,-0.0001091976,-0.0002347282,0.0001420965
0x2311,2118.2373374781,199294.030794478,0.00999999999976353,-9.780978,-0.01465492,-0.04010797,-0.0002069515,0.0001058565,-8.785864E-05
0x2311,2118.2373374781,199294.030794478,0,-9.780978,-0.01465492,-0.04010797,-0.0002069515,0.0001058565,-8.785864E-05
0x2311,2118.2373374781,199294.030794478,0,-9.780978,-0.01465492,-0.04010797,-0.0002069515,0.0001058565,-8.785864E-05
0x2311,2118.2373374781,199294.030794478,0,-9.780978,-0.01465492,-0.04010797,-0.0002069515,0.0001058565,-8.785864E-05
0x2311,2118.2373374781,199294.030794478,0,-9.780978,-0.01465492,-0.04010797,-0.0002069515,0.0001058565,-8.785864E-05
0x2311,2118.2473374781,199294.040796886,0.0100000000002183,-9.78678,-0.02156496,-0.04885979,0.0001090812,-0.0002965913,-0.0001831097
0x2311,2118.2473374781,199294.040796886,0,-9.78678,-0.02156496,-0.04885979,0.0001090812,-0.0002965913,-0.0001831097
0x2311,2118.2473374781,199294.040796886,0,-9.78678,-0.02156496,-0.04885979,0.0001090812,-0.0002965913,-0.0001831097
0x2311,2118.2473374781,199294.040796886,0,-9.78678,-0.02156496,-0.04885979,0.0001090812,-0.0002965913,-0.0001831097
0x2311,2118.2473374781,199294.040796886,0,-9.78678,-0.02156496,-0.04885979,0.0001090812,-0.0002965913,-0.0001831097
0x2311,2118.2573374781,199294.050796886,0.00999999999976353,-9.789464,-0.009754114,-0.03539789,-5.912734E-05,-0.0001460314,-0.0004464411
0x2311,2118.2573374781,199294.050796886,0,-9.789464,-0.009754114,-0.03539789,-5.912734E-05,-0.0001460314,-0.0004464411
0x2311,2118.2573374781,199294.050796886,0,-9.789464,-0.009754114,-0.03539789,-5.912734E-05,-0.0001460314,-0.0004464411
0x2311,2118.2573374781,199294.050796886,0,-9.789464,-0.009754114,-0.03539789,-5.912734E-05,-0.0001460314,-0.0004464411
0x2311,2118.2573374781,199294.050796886,0,-9.789464,-0.009754114,-0.03539789,-5.912734E-05,-0.0001460314,-0.0004464411
0x2311,2118.2673374781,199294.060796886,0.0100000000002183,-9.791134,0.002745166,-0.04875287,-9.596115E-05,-0.0006028451,-3.624009E-05
0x2311,2118.2673374781,199294.060796886,0,-9.791134,0.002745166,-0.04875287,-9.596115E-05,-0.0006028451,-3.624009E-05
0x2311,2118.2673374781,199294.060796886,0,-9.791134,0.002745166,-0.04875287,-9.596115E-05,-0.0006028451,-3.624009E-05
0x2311,2118.2673374781,199294.060796886,0,-9.791134,0.002745166,-0.04875287,-9.596115E-05,-0.0006028451,-3.624009E-05
0x2311,2118.2673374781,199294.060796886,0,-9.791134,0.002745166,-0.04875287,-9.596115E-05,-0.0006028451,-3.624009E-05
0x2311,2118.2773374781,199294.070796886,0.0100000000002183,-9.797068,-0.006311201,-0.04306715,-3.86266E-05,-0.0008021598,-0.0002061133
0x2311,2118.2773374781,199294.070796886,0,-9.797068,-0.006311201,-0.04306715,-3.86266E-05,-0.0008021598,-0.0002061133
0x2311,2118.2773374781,199294.070796886,0,-9.797068,-0.006311201,-0.04306715,-3.86266E-05,-0.0008021598,-0.0002061133
0x2311,2118.2773374781,199294.070796886,0,-9.797068,-0.006311201,-0.04306715,-3.86266E-05,-0.0008021598,-0.0002061133
0x2311,2118.2773374781,199294.070796886,0,-9.797068,-0.006311201,-0.04306715,-3.86266E-05,-0.0008021598,-0.0002061133
0x2311,2118.2873374781,199294.080796886,0.00999999999976353,-9.80211,-0.008714572,-0.05476996,0.0001419801,-0.0006180955,0.0001831097
0x2311,2118.2873374781,199294.080796886,0,-9.80211,-0.008714572,-0.05476996,0.0001419801,-0.0006180955,0.0001831097
0x2311,2118.2873374781,199294.080796886,0,-9.80211,-0.008714572,-0.05476996,0.0001419801,-0.0006180955,0.0001831097
0x2311,2118.2873374781,199294.080796886,0,-9.80211,-0.008714572,-0.05476996,0.0001419801,-0.0006180955,0.0001831097
0x2311,2118.2873374781,199294.080796886,0,-9.80211,-0.008714572,-0.05476996,0.0001419801,-0.0006180955,0.0001831097
0x2311,2118.2973374781,199294.090796886,0.0100000000002183,-9.812294,-0.01080986,-0.05374439,9.534415E-06,-0.0004115049,-0.0002576155
0x2311,2118.2973374781,199294.090796886,0,-9.812294,-0.01080986,-0.05374439,9.534415E-06,-0.0004115049,-0.0002576155
0x2311,2118.2973374781,199294.090796886,0,-9.812294,-0.01080986,-0.05374439,9.534415E-06,-0.0004115049,-0.0002576155
0x2311,2118.2973374781,199294.090796886,0,-9.812294,-0.01080986,-0.05374439,9.534415E-06,-0.0004115049,-0.0002576155
0x2311,2118.2973374781,199294.090796886,0,-9.812294,-0.01080986,-0.05374439,9.534415E-06,-0.0004115049,-0.0002576155
0x2311,2118.3073374781,199294.100796886,0.00999999999976353,-9.823277,0.006376393,-0.04981216,0.0001778593,-0.0001946697,-7.438939E-05
0x2311,2118.3173374781,199294.110796886,0.0100000000002183,-9.822135,0.002897531,-0.05586408,0.0001039472,-0.0003229361,-0.0002412824
0x2311,2118.3173374781,199294.110796886,0,-9.822135,0.002897531,-0.05586408,0.0001039472,-0.0003229361,-0.0002412824
0x2311,2118.3173374781,199294.110796886,0,-9.822135,0.002897531,-0.05586408,0.0001039472,-0.0003229361,-0.0002412824
0x2311,2118.3173374781,199294.110796886,0,-9.822135,0.002897531,-0.05586408,0.0001039472,-0.0003229361,-0.0002412824
0x2311,2118.3173374781,199294.110796886,0,-9.822135,0.002897531,-0.05586408,0.0001039472,-0.0003229361,-0.0002412824
0x2311,2118.3273374781,199294.120796886,0.00999999999976353,-9.822824,-0.01238175,-0.06221943,9.095529E-05,-0.0001416192,8.285278E-05
0x2311,2118.3273374781,199294.120796886,0,-9.822824,-0.01238175,-0.06221943,9.095529E-05,-0.0001416192,8.285278E-05
0x2311,2118.3273374781,199294.120796886,0,-9.822824,-0.01238175,-0.06221943,9.095529E-05,-0.0001416192,8.285278E-05
0x2311,2118.3273374781,199294.120796886,0,-9.822824,-0.01238175,-0.06221943,9.095529E-05,-0.0001416192,8.285278E-05
0x2311,2118.3273374781,199294.120796886,0,-9.822824,-0.01238175,-0.06221943,9.095529E-05,-0.0001416192,8.285278E-05
0x2311,2118.3373374781,199294.130796886,0.0100000000002183,-9.829955,-0.0177443,-0.06190091,0.0001887092,-0.0001006178,8.821953E-05
0x2311,2118.3473374781,199294.140796886,0.00999999999976353,-9.835809,-0.003957935,-0.05593617,0.0003280584,0.0003575115,-0.000136497
0x2311,2118.3573374781,199294.150796886,0.0100000000002183,-9.838364,0.002443977,-0.06249733,0.0001157518,-0.0001460314,-7.057097E-05
0x2311,2118.3673374781,199294.160796886,0.00999999999976353,-9.832445,-0.01506191,-0.06926097,-0.0003328314,0.0002964749,3.612367E-05
0x2311,2118.3773374781,199294.170796886,0.0100000000002183,-9.824595,-0.01739189,-0.06348453,7.855706E-05,0.0002498622,-0.0002179178
0x2311,2118.3873374781,199294.180796886,0.00999999999976353,-9.817405,-0.01721531,-0.06017778,2.956949E-05,0.0005822163,-0.0003753928
0x2311,2118.3973374781,199294.190796886,0.0100000000002183,-9.826271,-0.005331077,-0.06202068,0.0002020621,4.661269E-05,-0.0003395136
0x2311,2118.3973374781,199294.190796886,0,-9.826271,-0.005331077,-0.06202068,0.0002020621,4.661269E-05,-0.0003395136
0x2311,2118.4073374781,199294.200796886,0.00999999999976353,-9.807507,-0.003628805,-0.06358456,4.720641E-05,0.0005741138,-0.0001832261
0x2311,2118.4173374781,199294.210796886,0.0100000000002183,-9.814127,-0.007321686,-0.0601951,-0.0001860899,0.0002508168,-0.0003313995
0x2311,2118.4273374781,199294.220796886,0.00999999999976353,-9.799532,-0.01407117,-0.06055329,1.669396E-05,0.0004067435,-0.0002337736
0x2311,2118.4373374781,199294.230796886,0.0100000000002183,-9.818263,-0.002462603,-0.05431063,0.0001877546,0.0004628906,-0.0006270362
0x2311,2118.4473374781,199294.240796886,0.00999999999976353,-9.800461,-0.00154525,-0.04853308,-0.0002266141,6.913906E-05,0.0001395936
0x2311,2118.4573374781,199294.250796886,0.0100000000002183,-9.798932,-0.01186561,-0.05851854,6.554183E-06,0.0001354259,-0.0001555658
0x2311,2118.4573374781,199294.250796886,0,-9.798932,-0.01186561,-0.05851854,6.554183E-06,0.0001354259,-0.0001555658
0x2311,2118.4573374781,199294.250796886,0,-9.798932,-0.01186561,-0.05851854,6.554183E-06,0.0001354259,-0.0001555658
0x2311,2118.4573374781,199294.250796886,0,-9.798932,-0.01186561,-0.05851854,6.554183E-06,0.0001354259,-0.0001555658
0x2311,2118.4573374781,199294.250796886,0,-9.798932,-0.01186561,-0.05851854,6.554183E-06,0.0001354259,-0.0001555658
0x2311,2118.4673374781,199294.260796886,0.00999999999976353,-9.79624,-0.02227314,-0.06236937,0.0001314911,-2.157176E-05,-0.0003175694
0x2311,2118.4773374781,199294.270796886,0.0100000000002183,-9.795141,-0.006997213,-0.05317926,-0.0001678476,4.338799E-05,-5.400507E-05
0x2311,2118.4873374781,199294.280796886,0.00999999999976353,-9.80317,-0.003596209,-0.05067829,-4.827743E-05,-0.0006014132,-0.0001945533
0x2311,2118.4973374781,199294.290796886,0.0100000000002183,-9.810183,-0.01126211,-0.05169455,-0.0001964625,-0.0001845416,-9.643845E-05
0x2311,2118.5073374781,199294.300796886,0.00999999999976353,-9.814202,-0.02375431,-0.06108936,0.0002507004,-0.0003509573,-0.0004920992
0x2311,2118.5173374781,199294.310796886,0.0100000000002183,-9.806899,-0.01658034,-0.05082134,5.948823E-05,-0.0002026558,0.0001834589
0x2311,2118.5273374781,199294.320796886,0.0100000000002183,-9.819471,0.0008847564,-0.04529729,7.617055E-05,-0.0004135421,-0.0003032736
0x2311,2118.5373374781,199294.330796886,0.00999999999976353,-9.805062,-0.01012608,-0.04733317,-0.0001497217,-0.000324368,0.000138639
0x2311,2118.5473374781,199294.340796886,0.0100000000002183,-9.8161,-0.02279393,-0.05286764,4.088506E-05,-0.000228046,8.917414E-05
0x2311,2118.5573374781,199294.350796886,0.00999999999976353,-9.814397,-0.02088137,-0.05012248,0.0001483015,-0.0001131324,-0.0004010159
0x2311,2118.5673374781,199294.360796886,0.0100000000002183,-9.821158,-0.003662519,-0.0485912,-9.536743E-05,2.896413E-05,-0.0003213878
0x2311,2118.5773374781,199294.370796886,0.00999999999976353,-9.801338,-0.007257611,-0.05018301,-5.007023E-05,-0.0002576155,-0.0001435285
0x2311,2118.5873374781,199294.380796886,0.0100000000002183,-9.808497,-0.0144491,-0.05431529,8.535571E-05,0.0003517838,-0.0002232846
0x2311,2118.5973374781,199294.390796886,0.00999999999976353,-9.803593,-0.01796875,-0.06136373,0.0004543108,0.000151631,-4.447065E-05
0x2311,2118.5973374781,199294.390796886,0,-9.803593,-0.01796875,-0.06136373,0.0004543108,0.000151631,-4.447065E-05
0x2311,2118.5973374781,199294.390796886,0,-9.803593,-0.01796875,-0.06136373,0.0004543108,0.000151631,-4.447065E-05
0x2311,2118.5973374781,199294.390796886,0,-9.803593,-0.01796875,-0.06136373,0.0004543108,0.000151631,-4.447065E-05
0x2311,2118.5973374781,199294.390796886,0,-9.803593,-0.01796875,-0.06136373,0.0004543108,0.000151631,-4.447065E-05
0x2311,2118.6073374781,199294.400796886,0.0100000000002183,-9.801601,-0.00659842,-0.04280079,0.0002880115,0.0004895963,-0.0006080838
0x2311,2118.6173374781,199294.410796886,0.00999999999976353,-9.800501,0.001241826,-0.04777033,-0.000183587,-0.0001751236,-0.0001244596
0x2311,2118.6273374781,199294.420796886,0.0100000000002183,-9.800066,-0.001820736,-0.05354099,5.721813E-05,0.0002526096,-0.0002347282
0x2311,2118.6373374781,199294.430796886,0.00999999999976353,-9.794305,-0.008184463,-0.062331,0.000182027,-2.193265E-05,-0.000296114
0x2311,2118.6473374781,199294.440796886,0.0100000000002183,-9.807919,-0.009401701,-0.05068649,0.0002312707,-0.000109314,-0.0004311791
0x2311,2118.6573374781,199294.450796886,0.00999999999976353,-9.808515,0.002215058,-0.05149916,0.0003122143,-2.682209E-05,0.0002474757
0x2311,2118.6673374781,199294.460796886,0.0100000000002183,-9.80882,-0.01430139,-0.05527567,0.0001511537,4.852191E-05,0.0002835994
0x2311,2118.6773374781,199294.470796886,0.00999999999976353,-9.819201,-0.02028141,-0.06341245,0.0002583256,0.0001896638,-4.149042E-05
0x2311,2118.6873374781,199294.480796886,0.0100000000002183,-9.803722,-0.01705587,-0.05483627,0.0002015848,1.526205E-05,-9.691576E-05
0x2311,2118.6973374781,199294.490796886,0.00999999999976353,-9.822991,-0.006440282,-0.05336311,0.0002279296,4.661269E-05,-4.889444E-06
0x2311,2118.7073374781,199294.500796886,0.0100000000002183,-9.815504,-0.006748363,-0.05471986,-7.736962E-05,-0.0002156477,-0.0003862428
0x2311,2118.7073374781,199294.500796886,0,-9.815504,-0.006748363,-0.05471986,-7.736962E-05,-0.0002156477,-0.0003862428
0x2311,2118.7173374781,199294.510796886,0.00999999999976353,-9.819816,-0.01979526,-0.05741734,6.092014E-05,-3.480818E-05,0.000145915
0x2311,2118.7273374781,199294.520796886,0.0100000000002183,-9.828937,-0.0254333,-0.05940683,0.0001238543,-0.0001931214,0.0002408051
0x2311,2118.7373374781,199294.530796886,0.00999999999976353,-9.834619,-0.01066905,-0.04678778,-5.197944E-05,0.000532507,-0.0001736917
0x2311,2118.7473374781,199294.540796886,0.0100000000002183,-9.820051,-0.006131083,-0.04870519,-0.0002208981,0.0001190929,-0.0005168957
0x2311,2118.7573374781,199294.550796886,0.00999999999976353,-9.81973,-0.01224,-0.05607922,-0.0003032736,0.0005540904,0.0001496053
0x2311,2118.7673374781,199294.560796886,0.0100000000002183,-9.802454,-0.0152804,-0.05746037,-0.0002080225,-0.0001664157,-0.0001635519
0x2311,2118.7773374781,199294.570796886,0.0100000000002183,-9.804677,-0.008399412,-0.05097371,-0.0002508168,-4.493631E-05,-0.000140781
0x2311,2118.7873374781,199294.580796886,0.00999999999976353,-9.80094,0.01094006,-0.05287118,-9.739306E-05,-1.681037E-05,-0.0001807231
0x2311,2118.7973374781,199294.590796886,0.0100000000002183,-9.808202,-0.007585622,-0.04890859,-3.301539E-05,-0.0002312707,-0.0001412584
0x2311,2118.8073374781,199294.600796886,0.00999999999976353,-9.804728,-0.02323352,-0.05571991,-0.0001826324,0.0005493173,-0.0001598615
0x2311,2118.8173374781,199294.610796886,0.0100000000002183,-9.781538,-0.006701984,-0.05294215,5.578622E-05,0.0001573586,-0.0001722598
0x2311,2118.8273374781,199294.620796886,0.00999999999976353,-9.775026,-0.0008882955,-0.05249325,-2.288725E-05,0.0001314911,-0.0004473957
0x2311,2118.8373374781,199294.630796886,0.0100000000002183,-9.786431,0.0009277835,-0.05601756,-0.0002656016,-0.0003300956,-0.0004329719
0x2311,2118.8473374781,199294.640796886,0.00999999999976353,-9.776148,-0.01326073,-0.06327517,8.102506E-06,-0.0003013643,-0.0005675596
0x2311,2118.8573374781,199294.650796886,0.0100000000002183,-9.785757,-0.008602999,-0.05509313,5.757902E-05,-0.0006599468,-0.0003553578
0x2311,2118.8673374781,199294.660796886,0.00999999999976353,-9.790886,-0.004607812,-0.04704241,8.631032E-05,-0.0002352055,-7.67759E-05
0x2311,2118.8773374781,199294.670796886,0.0100000000002183,-9.802347,0.00554733,-0.04922021,0.0001019216,-0.0007487484,-0.0003037509
0x2311,2118.8873374781,199294.680796886,0.00999999999976353,-9.795542,-0.01739543,-0.06275903,0.0001101522,-0.0003982801,-0.0006891438
0x2311,2118.8973374781,199294.690796886,0.0100000000002183,-9.802124,-0.01791753,-0.06136373,-3.254972E-05,-0.0005145092,-0.0004744506
0x2311,2118.9073374781,199294.700796886,0.00999999999976353,-9.809067,-0.01658145,-0.05605128,0.0002660789,-0.0003281864,-0.0002570101
0x2311,2118.9173374781,199294.710796886,0.0100000000002183,-9.816988,-0.000603497,-0.06053355,0.0001158682,-0.0005737529,-0.0004510861
0x2311,2118.9173374781,199294.710796886,0,-9.816988,-0.000603497,-0.06053355,0.0001158682,-0.0005737529,-0.0004510861
0x2311,2118.9273374781,199294.720796886,0.00999999999976353,-9.823974,-0.009685382,-0.0550665,-1.669396E-05,-0.0003591762,-0.0002951594
0x2311,2118.9373374781,199294.730796886,0.0100000000002183,-9.808612,-0.01090523,-0.05718842,0.0001920504,-0.0002779998,-0.0004520407
0x2311,2118.9473374781,199294.740796886,0.00999999999976353,-9.815737,-0.01505949,-0.05501639,0.0003641821,-0.0004578847,-0.0004458474
0x2311,2118.9573374781,199294.750796886,0.0100000000002183,-9.835493,-0.003461353,-0.05168281,0.0002865796,-0.0001851353,-2.909219E-05
0x2311,2118.9673374781,199294.760796886,0.00999999999976353,-9.824843,0.001581386,-0.04701689,6.103655E-05,-0.000518444,0.0001873937
0x2311,2118.9673374781,199294.760796886,0,-9.824843,0.001581386,-0.04701689,6.103655E-05,-0.000518444,0.0001873937
0x2311,2118.9673374781,199294.760796886,0,-9.824843,0.001581386,-0.04701689,6.103655E-05,-0.000518444,0.0001873937
0x2311,2118.9773374781,199294.770796886,0.0100000000002183,-9.817548,-0.01876056,-0.05200617,0.0002121902,0.0002636923,-0.0004044734
0x2311,2118.9873374781,199294.780796886,0.00999999999976353,-9.827941,-0.01765471,-0.0491783,0.0001090812,-0.000123505,-0.0002913526
0x2311,2118.9973374781,199294.790796886,0.0100000000002183,-9.83932,-0.006688014,-0.03803596,0.0001611654,0.0003570342,8.380739E-05
0x2311,2119.0073374781,199294.800796886,0.00999999999976353,-9.829113,-0.0009231269,-0.03953129,-0.0002803747,-0.000174169,4.720641E-05
0x2311,2119.0173374781,199294.810796886,0.0100000000002183,-9.816288,-0.01022965,-0.04893299,-0.0001254026,0.0001864391,-0.0003482099
0x2311,2119.0273374781,199294.820796886,0.0100000000002183,-9.813894,-0.02019405,-0.05103517,3.469177E-05,4.863832E-05,-0.0003294903
0x2311,2119.0373374781,199294.830796886,0.00999999999976353,-9.801476,-0.0079263,-0.04919823,0.0002241111,-0.0001107459,7.147901E-06
0x2311,2119.0473374781,199294.840796886,0.0100000000002183,-9.813015,-0.00845883,-0.04399624,9.679934E-05,0.000182027,-0.0003690715
0x2311,2119.0473374781,199294.840796886,0,-9.813015,-0.00845883,-0.04399624,9.679934E-05,0.000182027,-0.0003690715
0x2311,2119.0473374781,199294.840796886,0,-9.813015,-0.00845883,-0.04399624,9.679934E-05,0.000182027,-0.0003690715
0x2311,2119.0573374781,199294.850796886,0.00999999999976353,-9.814536,-0.01417007,-0.05423166,6.675255E-05,-8.869683E-05,-0.0002242276
0x2311,2119.0673374781,199294.860796886,0.0100000000002183,-9.80516,-0.02009533,-0.05723257,7.569324E-05,0.0003108988,-0.0004097237
0x2311,2119.0773374781,199294.870796886,0.00999999999976353,-9.794811,-0.01641288,-0.04734471,0.0001325621,0.00010574,-1.764856E-05
0x2311,2119.0873374781,199294.880796886,0.0100000000002183,-9.797592,-0.002928823,-0.05216897,-0.0001544948,0.0001963344,-0.0002461718
0x2311,2119.0973374781,199294.890796886,0.00999999999976353,-9.794775,-0.004856661,-0.0610346,-0.0003262772,-0.0004450092,-0.0003333087
0x2311,2119.1073374781,199294.900796886,0.0100000000002183,-9.791289,-0.01523979,-0.06114971,-0.0001749955,0.0001120614,-0.0004392816
0x2311,2119.1173374781,199294.910796886,0.00999999999976353,-9.799546,-0.0152804,-0.05656406,-9.405194E-05,1.144363E-05,-0.0001974055
0x2311,2119.1173374781,199294.910796886,0,-9.799546,-0.0152804,-0.05656406,-9.405194E-05,1.144363E-05,-0.0001974055
0x2311,2119.1173374781,199294.910796886,0,-9.799546,-0.0152804,-0.05656406,-9.405194E-05,1.144363E-05,-0.0001974055
0x2311,2119.1273374781,199294.920796886,0.0100000000002183,-9.79803,-0.001833588,-0.05615,-0.0002603512,0.0004423899,-0.000243308
0x2311,2119.1373374781,199294.930796886,0.00999999999976353,-9.799305,-0.003482401,-0.06236006,-2.443558E-05,-0.0002428307,-0.000129221
0x2311,2119.1473374781,199294.940796886,0.0100000000002183,-9.806768,-0.01492109,-0.06186478,-0.0001029926,-3.207242E-05,-6.68806E-05
0x2311,2119.1473374781,199294.940796886,0,-9.806768,-0.01492109,-0.06186478,-0.0001029926,-3.207242E-05,-6.68806E-05
0x2311,2119.1473374781,199294.940796886,0,-9.806768,-0.01492109,-0.06186478,-0.0001029926,-3.207242E-05,-6.68806E-05
0x2311,2119.1473374781,199294.940796886,0,-9.806768,-0.01492109,-0.06186478,-0.0001029926,-3.207242E-05,-6.68806E-05
0x2311,2119.1473374781,199294.940796886,0,-9.806768,-0.01492109,-0.06186478,-0.0001029926,-3.207242E-05,-6.68806E-05
0x2311,2119.1573374781,199294.950796886,0.00999999999976353,-9.810649,-0.02161954,-0.0579685,-5.161855E-05,-1.096632E-05,0.000145915
0x2311,2119.1673374781,199294.960796886,0.0100000000002183,-9.811476,-0.007167086,-0.05434211,-1.621665E-05,0.0001410255,-0.0002428307
0x2311,2119.1773374781,199294.970796886,0.00999999999976353,-9.8226,0.005733408,-0.04935861,5.769543E-05,-8.023344E-05,-0.0001508044
0x2311,2119.1873374781,199294.980796886,0.0100000000002183,-9.812802,-0.004838035,-0.05795453,-0.0001159962,-9.823125E-05,-3.71947E-05
0x2311,2119.1973374781,199294.990796886,0.00999999999976353,-9.813028,-0.02263114,-0.06172303,1.70432E-05,0.0002565328,2.193265E-05
